Completed,PatternID,Score,ElapsedTime
1,0,557.6,0.99007248878479
9,8,558.6,1.110337734222412
16,15,559.5999999999999,1.1824467182159424
19,19,559.6,1.240166187286377
31,29,561.6,1.401327133178711
49,50,561.9999999999999,1.6639952659606934
109,108,564.0,2.4792940616607666
5755,5753,565.0,77.0794768333435
