Completed,PatternID,Score,ElapsedTime
1,0,612.6999999999999,0.9726200103759766
3,1,625.4000000000001,0.989445686340332
10,9,632.1,1.0373847484588623
51,45,632.3,1.1929922103881836
100,103,637.7,1.3721179962158203
1321,1320,641.5000000000001,5.7466795444488525
1510,1510,642.5999999999998,6.454971075057983
